Date,Population
2022-01-01,99474420.0
2022-02-01,99547239.17
2022-03-01,99620058.33
2022-04-01,99692877.5
2022-05-01,99765696.67
2022-06-01,99838515.83
2022-07-01,99911335.0
2022-08-01,99984154.17
2022-09-01,100056973.33
2022-10-01,100129792.5
2022-11-01,100202611.67
2022-12-01,100275430.83
